id,concept,similarity_score
27,Mickey,0.84677935
15,Hello Kitty,0.83328915
34,SpongeBob,0.82533884
1353,Snoopy,0.8142508
103,Minnie Mouse,0.80950624
29,Pikachu,0.8054749
650,Legend,0.80108565
26,Minions ,0.8007879
595,Psychological,0.7995492
1223,Anime,0.799054
